{
    "KPackageStructure": "Plasma/Wallpaper",
    "KPlugin": {
        "Authors": [
            {
                "Email": "luisbocanegra17b@gmail.com",
                "Name": "Luis Bocanegra"
            },
            {
                "Name": "Rog131"
            },
            {
                "Name": "adhe"
            }
        ],
        "BugReportUrl": "https://github.com/luisbocanegra/plasma-smart-video-wallpaper-reborn/issues",
        "Category": "",
        "Description": "Wallpaper plugin to play videos on your desktop",
        "Description[el_GR]": "Πρόσθετο ταπετσαρίας για αναπαραγωγή βίντεο στην επιφάνεια εργασίας σας",
        "Description[nl]": "Een achtergrondplug-in voor het tonen van video's op je bureaublad",
        "Description[pt_BR]": "Plugin de papel de parede para reproduzir vídeos na sua área de trabalho",
        "Icon": "preferences-desktop-wallpaper",
        "Id": "luisbocanegra.smart.video.wallpaper.reborn",
        "License": "GPLv2+",
        "Name": "Smart Video Wallpaper Reborn",
        "Name[el_GR]": "Smart Video Wallpaper Reborn",
        "Name[es]": "Smart Video Wallpaper Reborn",
        "Name[nl]": "Slimme videoachtergrond - herboren",
        "Version": "2.3.2",
        "Website": "https://github.com/luisbocanegra/plasma-smart-video-wallpaper-reborn"
    },
    "Keywords": [
        "video",
        "wallpaper"
    ],
    "X-KDE-ParentApp": "org.kde.plasmashell",
    "X-Plasma-API-Minimum-Version": "6.0"
}
